<?xml version="1.0" encoding="UTF-8"?>
<!DOCTYPE fontscolors PUBLIC "-//NetBeans//DTD Editor Fonts and Colors settings 1.1//EN" "http://www.netbeans.org/dtds/EditorFontsColors-1_1.dtd">
<fontscolors>
    <fontcolor default="comment" name="block-comment"/>
    <fontcolor default="markup-attribute" foreColor="ff339900" name="argument"/>
    <fontcolor name="mod-method">
        <font style="bold"/>
    </fontcolor>
    <fontcolor name="mod-class" waveUnderlined="red"/>
    <fontcolor default="default" foreColor="black" name="el-delimiter">
        <font style="bold"/>
    </fontcolor>
    <fontcolor default="error" foreColor="red" name="error" waveUnderlined="yellow"/>
    <fontcolor default="default" name="javascript-embedded"/>
    <fontcolor default="operator" name="operator"/>
    <fontcolor default="char" foreColor="ffd35757" name="character"/>
    <fontcolor default="comment" name="sgml-comment"/>
    <fontcolor foreColor="ffd39745" name="sgml-declaration"/>
    <fontcolor default="default" foreColor="black" name="el-content"/>
    <fontcolor default="default" name="xml-pi"/>
    <fontcolor default="markup-element" foreColor="ffda9936" name="tag">
        <font name="Roboto Bk"/>
    </fontcolor>
    <fontcolor default="default" name="text"/>
    <fontcolor default="whitespace" name="ws"/>
    <fontcolor default="markup-attribute" name="mod-constructor">
        <font style="bold"/>
    </fontcolor>
    <fontcolor default="markup-attribute-value" name="value"/>
    <fontcolor default="default" name="css-embedded"/>
</fontscolors>
