<?xml version="1.0" encoding="UTF-8"?>
<!DOCTYPE fontscolors PUBLIC "-//NetBeans//DTD Editor Fonts and Colors settings 1.1//EN" "http://www.netbeans.org/dtds/EditorFontsColors-1_1.dtd">
<fontscolors>
    <fontcolor default="identifier" foreColor="white" name="identifier">
        <font name="Mingzat" size="15"/>
    </fontcolor>
    <fontcolor default="string" foreColor="orange" name="string"/>
    <fontcolor default="covered" name="covered">
        <font size="15" style="plain"/>
    </fontcolor>
    <fontcolor foreColor="ffcccc00" name="variable">
        <font size="16" style="plain"/>
    </fontcolor>
    <fontcolor default="keyword" name="keyword">
        <font size="15" style="bold"/>
    </fontcolor>
    <fontcolor default="separator" name="separator">
        <font size="14" style="bold"/>
    </fontcolor>
    <fontcolor default="operator" foreColor="ffcc00cc" name="operator">
        <font name="Comfortaa" style="bold"/>
    </fontcolor>
</fontscolors>
