<?xml version="1.0" encoding="UTF-8"?>
<!DOCTYPE fontscolors PUBLIC "-//NetBeans//DTD Editor Fonts and Colors settings 1.1//EN" "http://www.netbeans.org/dtds/EditorFontsColors-1_1.dtd">
<fontscolors>
    <fontcolor default="identifier" foreColor="white" name="identifier">
        <font size="14" style="bold+italic"/>
    </fontcolor>
    <fontcolor default="covered" name="covered">
        <font size="15" style="bold"/>
    </fontcolor>
    <fontcolor foreColor="ff666600" name="variable">
        <font name="Noto Sans CJK TC Bold" size="14"/>
    </fontcolor>
    <fontcolor default="keyword" name="keyword">
        <font size="15" style="bold"/>
    </fontcolor>
    <fontcolor default="separator" name="separator">
        <font size="14" style="bold"/>
    </fontcolor>
</fontscolors>
