<?xml version="1.0" encoding="UTF-8"?>
<!DOCTYPE fontscolors PUBLIC "-//NetBeans//DTD Editor Fonts and Colors settings 1.1//EN" "http://www.netbeans.org/dtds/EditorFontsColors-1_1.dtd">
<fontscolors>
    <fontcolor bgColor="darkGray" name="mark-occurrences"/>
    <fontcolor bgColor="ff070b27" foreColor="white" name="default">
        <font name="Montserrat ExtraLight" size="14"/>
    </fontcolor>
    <fontcolor foreColor="pink" name="string"/>
    <fontcolor default="keyword" foreColor="ffcccccc" name="markup-element"/>
    <fontcolor foreColor="pink" name="char"/>
    <fontcolor default="string" foreColor="pink" name="markup-attribute-value"/>
    <fontcolor name="warning" waveUnderlined="yellow"/>
    <fontcolor foreColor="lightGray" name="comment">
        <font style="italic"/>
    </fontcolor>
    <fontcolor foreColor="magenta" name="keyword"/>
    <fontcolor default="default" foreColor="darkGray" name="entity-reference"/>
    <fontcolor name="separator"/>
    <fontcolor name="url" underline="blue"/>
</fontscolors>
