<?xml version="1.0" encoding="UTF-8"?>
<!DOCTYPE fontscolors PUBLIC "-//NetBeans//DTD Editor Fonts and Colors settings 1.1//EN" "http://www.netbeans.org/dtds/EditorFontsColors-1_1.dtd">
<fontscolors>
    <fontcolor bgColor="ff4b1919" name="Dbx_Bpt_cmpx"/>
    <fontcolor name="PinnedWatch"/>
    <fontcolor name="PHPNotice" waveUnderlined="ffc0c000"/>
    <fontcolor bgColor="ff3a2323" name="Dbx_Bpt"/>
    <fontcolor name="PHPWarning" waveUnderlined="ffc0c000"/>
    <fontcolor bgColor="darkGray" name="editor-bookmark" waveUnderlined="lightGray"/>
    <fontcolor foreColor="ffa8c023" name="org-netbeans-spi-editor-hints-parser_annotation_todo_fixable"/>
    <fontcolor foreColor="ffa8c023" name="org-netbeans-spi-editor-hints-parser_annotation_todo"/>
    <fontcolor bgColor="ff4b1919" name="Dbx_Bpt_broken"/>
    <fontcolor bgColor="ff9d5c5c" name="ClassBreakpoint"/>
    <fontcolor name="PHPError" waveUnderlined="red"/>
    <fontcolor bgColor="ff283c26" name="Dbx_PC"/>
    <fontcolor bgColor="ff4b1919" name="Dbx_Bpt_cmpx_broken"/>
</fontscolors>
