<?xml version="1.0" encoding="UTF-8"?>
<!DOCTYPE fontscolors PUBLIC "-//NetBeans//DTD Editor Fonts and Colors settings 1.1//EN" "http://www.netbeans.org/dtds/EditorFontsColors-1_1.dtd">
<fontscolors>
    <fontcolor default="mark-occurrences" name="mark-occurrences"/>
    <fontcolor default="markup-attribute" name="filename"/>
    <fontcolor default="comment" name="removed"/>
    <fontcolor default="string" name="added"/>
    <fontcolor default="default" name="plain"/>
    <fontcolor default="markup-element" name="header"/>
    <fontcolor default="markup-attribute" name="index"/>
    <fontcolor default="error" name="error"/>
</fontscolors>
